timestamp,hand_x,hand_y,hand_z,hand_vx,hand_vy,hand_vz,hand_ax,hand_ay,hand_az,target_x,target_y,target_z,ee_x,ee_y,ee_z,touch_flag,joint_cmd_0,joint_cmd_1,joint_cmd_2,joint_cmd_3,joint_cmd_4,joint_cmd_5,joint_cmd_6
1754967115.3134608,,,,0.0,0.0,0.0,0.0,0.0,0.0,,,,,,,0,,,,,,,
1754967115.4206898,,,,0.0,0.0,0.0,0.0,0.0,0.0,,,,,,,0,,,,,,,
1754967115.5236247,,,,0.0,0.0,0.0,0.0,0.0,0.0,,,,,,,0,,,,,,,
1754967115.6266642,,,,0.0,0.0,0.0,0.0,0.0,0.0,,,,,,,0,,,,,,,
1754967115.7289126,,,,0.0,0.0,0.0,0.0,0.0,0.0,,,,,,,0,,,,,,,
1754967115.8316526,,,,0.0,0.0,0.0,0.0,0.0,0.0,,,,,,,0,,,,,,,
1754967115.9344633,,,,0.0,0.0,0.0,0.0,0.0,0.0,,,,,,,0,,,,,,,
1754967116.036752,,,,0.0,0.0,0.0,0.0,0.0,0.0,,,,,,,0,,,,,,,
1754967116.1392474,,,,0.0,0.0,0.0,0.0,0.0,0.0,,,,,,,0,,,,,,,
1754967116.2425387,,,,0.0,0.0,0.0,0.0,0.0,0.0,,,,,,,0,,,,,,,
1754967116.345464,,,,0.0,0.0,0.0,0.0,0.0,0.0,,,,,,,0,,,,,,,
1754967116.448079,,,,0.0,0.0,0.0,0.0,0.0,0.0,,,,,,,0,,,,,,,
1754967116.5505366,,,,0.0,0.0,0.0,0.0,0.0,0.0,,,,,,,0,,,,,,,
1754967116.652647,,,,0.0,0.0,0.0,0.0,0.0,0.0,,,,,,,0,,,,,,,
1754967116.7549472,,,,0.0,0.0,0.0,0.0,0.0,0.0,,,,,,,0,,,,,,,
1754967116.8577936,,,,0.0,0.0,0.0,0.0,0.0,0.0,,,,,,,0,,,,,,,
1754967116.9600375,,,,0.0,0.0,0.0,0.0,0.0,0.0,,,,,,,0,,,,,,,
1754967117.0628114,,,,0.0,0.0,0.0,0.0,0.0,0.0,,,,,,,0,,,,,,,
1754967117.165579,,,,0.0,0.0,0.0,0.0,0.0,0.0,,,,,,,0,,,,,,,
1754967117.268565,,,,0.0,0.0,0.0,0.0,0.0,0.0,,,,,,,0,,,,,,,
1754967117.371185,,,,0.0,0.0,0.0,0.0,0.0,0.0,,,,,,,0,,,,,,,
1754967117.4757333,,,,0.0,0.0,0.0,0.0,0.0,0.0,,,,,,,0,,,,,,,
1754967117.5785677,,,,0.0,0.0,0.0,0.0,0.0,0.0,,,,,,,0,,,,,,,
1754967117.6811838,,,,0.0,0.0,0.0,0.0,0.0,0.0,,,,,,,0,,,,,,,
1754967117.783772,,,,0.0,0.0,0.0,0.0,0.0,0.0,,,,,,,0,,,,,,,
1754967117.885639,,,,0.0,0.0,0.0,0.0,0.0,0.0,,,,,,,0,,,,,,,
1754967117.9886594,,,,0.0,0.0,0.0,0.0,0.0,0.0,,,,,,,0,,,,,,,
1754967118.0903254,,,,0.0,0.0,0.0,0.0,0.0,0.0,,,,,,,0,,,,,,,
1754967118.1934295,,,,0.0,0.0,0.0,0.0,0.0,0.0,,,,,,,0,,,,,,,
1754967118.2960768,,,,0.0,0.0,0.0,0.0,0.0,0.0,,,,,,,0,,,,,,,
1754967118.3995042,,,,0.0,0.0,0.0,0.0,0.0,0.0,,,,,,,0,,,,,,,
1754967118.507059,,,,0.0,0.0,0.0,0.0,0.0,0.0,,,,,,,0,,,,,,,
1754967118.6096523,,,,0.0,0.0,0.0,0.0,0.0,0.0,,,,,,,0,,,,,,,
1754967118.7114697,,,,0.0,0.0,0.0,0.0,0.0,0.0,,,,,,,0,,,,,,,
1754967118.8140762,,,,0.0,0.0,0.0,0.0,0.0,0.0,,,,,,,0,,,,,,,
1754967118.9166992,,,,0.0,0.0,0.0,0.0,0.0,0.0,,,,,,,0,,,,,,,
1754967119.0195684,,,,0.0,0.0,0.0,0.0,0.0,0.0,,,,,,,0,,,,,,,
1754967119.1218166,,,,0.0,0.0,0.0,0.0,0.0,0.0,,,,,,,0,,,,,,,
1754967119.2241597,,,,0.0,0.0,0.0,0.0,0.0,0.0,,,,,,,0,,,,,,,
1754967119.327037,,,,0.0,0.0,0.0,0.0,0.0,0.0,,,,,,,0,,,,,,,
1754967119.429368,,,,0.0,0.0,0.0,0.0,0.0,0.0,,,,,,,0,,,,,,,
1754967119.5336666,,,,0.0,0.0,0.0,0.0,0.0,0.0,,,,,,,0,,,,,,,
1754967119.6365323,,,,0.0,0.0,0.0,0.0,0.0,0.0,,,,,,,0,,,,,,,
1754967119.73961,,,,0.0,0.0,0.0,0.0,0.0,0.0,,,,,,,0,,,,,,,
1754967119.8425283,,,,0.0,0.0,0.0,0.0,0.0,0.0,,,,,,,0,,,,,,,
1754967119.9456046,,,,0.0,0.0,0.0,0.0,0.0,0.0,,,,,,,0,,,,,,,
1754967120.0486734,,,,0.0,0.0,0.0,0.0,0.0,0.0,,,,,,,0,,,,,,,
1754967120.15234,,,,0.0,0.0,0.0,0.0,0.0,0.0,,,,,,,0,,,,,,,
1754967120.257794,,,,0.0,0.0,0.0,0.0,0.0,0.0,,,,,,,0,,,,,,,
1754967120.361321,,,,0.0,0.0,0.0,0.0,0.0,0.0,,,,,,,0,,,,,,,
1754967120.4661567,,,,0.0,0.0,0.0,0.0,0.0,0.0,,,,,,,0,,,,,,,
1754967120.5693364,,,,0.0,0.0,0.0,0.0,0.0,0.0,,,,,,,0,,,,,,,
1754967120.6715665,,,,0.0,0.0,0.0,0.0,0.0,0.0,,,,,,,0,,,,,,,
1754967120.7744548,,,,0.0,0.0,0.0,0.0,0.0,0.0,,,,,,,0,,,,,,,
1754967120.8769944,,,,0.0,0.0,0.0,0.0,0.0,0.0,,,,,,,0,,,,,,,
1754967120.9795835,,,,0.0,0.0,0.0,0.0,0.0,0.0,,,,,,,0,,,,,,,
1754967121.0825152,,,,0.0,0.0,0.0,0.0,0.0,0.0,,,,,,,0,,,,,,,
1754967121.1861403,,,,0.0,0.0,0.0,0.0,0.0,0.0,,,,,,,0,,,,,,,
1754967121.2895317,,,,0.0,0.0,0.0,0.0,0.0,0.0,,,,,,,0,,,,,,,
1754967121.3927217,,,,0.0,0.0,0.0,0.0,0.0,0.0,,,,,,,0,,,,,,,
1754967121.4962208,,,,0.0,0.0,0.0,0.0,0.0,0.0,,,,,,,0,,,,,,,
1754967121.6007895,,,,0.0,0.0,0.0,0.0,0.0,0.0,,,,,,,0,,,,,,,
1754967121.7041218,,,,0.0,0.0,0.0,0.0,0.0,0.0,,,,,,,0,,,,,,,
1754967121.8060806,,,,0.0,0.0,0.0,0.0,0.0,0.0,,,,,,,0,,,,,,,
1754967121.9088628,,,,0.0,0.0,0.0,0.0,0.0,0.0,,,,,,,0,,,,,,,
1754967122.0122824,,,,0.0,0.0,0.0,0.0,0.0,0.0,,,,,,,0,,,,,,,
1754967122.116418,,,,0.0,0.0,0.0,0.0,0.0,0.0,,,,,,,0,,,,,,,
1754967122.2203026,,,,0.0,0.0,0.0,0.0,0.0,0.0,,,,,,,0,,,,,,,
1754967122.3238645,,,,0.0,0.0,0.0,0.0,0.0,0.0,,,,,,,0,,,,,,,
1754967122.4273155,,,,0.0,0.0,0.0,0.0,0.0,0.0,,,,,,,0,,,,,,,
1754967122.5306609,,,,0.0,0.0,0.0,0.0,0.0,0.0,,,,,,,0,,,,,,,
1754967122.634422,,,,0.0,0.0,0.0,0.0,0.0,0.0,,,,,,,0,,,,,,,
1754967122.7375877,,,,0.0,0.0,0.0,0.0,0.0,0.0,,,,,,,0,,,,,,,
1754967122.8410301,,,,0.0,0.0,0.0,0.0,0.0,0.0,,,,,,,0,,,,,,,
1754967122.9450896,,,,0.0,0.0,0.0,0.0,0.0,0.0,,,,,,,0,,,,,,,
1754967123.0486903,,,,0.0,0.0,0.0,0.0,0.0,0.0,,,,,,,0,,,,,,,
1754967123.152348,,,,0.0,0.0,0.0,0.0,0.0,0.0,,,,,,,0,,,,,,,
1754967123.2550993,,,,0.0,0.0,0.0,0.0,0.0,0.0,,,,,,,0,,,,,,,
1754967123.35863,,,,0.0,0.0,0.0,0.0,0.0,0.0,,,,,,,0,,,,,,,
1754967123.4617062,,,,0.0,0.0,0.0,0.0,0.0,0.0,,,,,,,0,,,,,,,
1754967123.5646596,,,,0.0,0.0,0.0,0.0,0.0,0.0,,,,,,,0,,,,,,,
1754967123.6718373,,,,0.0,0.0,0.0,0.0,0.0,0.0,,,,,,,0,,,,,,,
1754967123.7743146,,,,0.0,0.0,0.0,0.0,0.0,0.0,,,,,,,0,,,,,,,
1754967123.876349,,,,0.0,0.0,0.0,0.0,0.0,0.0,,,,,,,0,,,,,,,
1754967123.9798057,,,,0.0,0.0,0.0,0.0,0.0,0.0,,,,,,,0,,,,,,,
1754967124.084005,,,,0.0,0.0,0.0,0.0,0.0,0.0,,,,,,,0,,,,,,,
1754967124.1876595,,,,0.0,0.0,0.0,0.0,0.0,0.0,,,,,,,0,,,,,,,
1754967124.2900405,,,,0.0,0.0,0.0,0.0,0.0,0.0,,,,,,,0,,,,,,,
1754967124.392802,,,,0.0,0.0,0.0,0.0,0.0,0.0,,,,,,,0,,,,,,,
1754967124.4964492,,,,0.0,0.0,0.0,0.0,0.0,0.0,,,,,,,0,,,,,,,
1754967124.5997386,,,,0.0,0.0,0.0,0.0,0.0,0.0,,,,,,,0,,,,,,,
1754967124.7025642,,,,0.0,0.0,0.0,0.0,0.0,0.0,,,,,,,0,,,,,,,
1754967124.8054776,,,,0.0,0.0,0.0,0.0,0.0,0.0,,,,,,,0,,,,,,,
1754967124.9082112,,,,0.0,0.0,0.0,0.0,0.0,0.0,,,,,,,0,,,,,,,
1754967125.0113318,,,,0.0,0.0,0.0,0.0,0.0,0.0,,,,,,,0,,,,,,,
1754967125.113973,,,,0.0,0.0,0.0,0.0,0.0,0.0,,,,,,,0,,,,,,,
1754967125.2167943,,,,0.0,0.0,0.0,0.0,0.0,0.0,,,,,,,0,,,,,,,
1754967125.3205695,,,,0.0,0.0,0.0,0.0,0.0,0.0,,,,,,,0,,,,,,,
1754967125.4238021,,,,0.0,0.0,0.0,0.0,0.0,0.0,,,,,,,0,,,,,,,
1754967125.5279877,,,,0.0,0.0,0.0,0.0,0.0,0.0,,,,,,,0,,,,,,,
1754967125.630582,,,,0.0,0.0,0.0,0.0,0.0,0.0,,,,,,,0,,,,,,,
1754967125.7358716,,,,0.0,0.0,0.0,0.0,0.0,0.0,,,,,,,0,,,,,,,
1754967125.8391883,,,,0.0,0.0,0.0,0.0,0.0,0.0,,,,,,,0,,,,,,,
1754967125.9454608,,,,0.0,0.0,0.0,0.0,0.0,0.0,,,,,,,0,,,,,,,
1754967126.0489333,,,,0.0,0.0,0.0,0.0,0.0,0.0,,,,,,,0,,,,,,,
1754967126.1524804,,,,0.0,0.0,0.0,0.0,0.0,0.0,,,,,,,0,,,,,,,
1754967126.2553782,,,,0.0,0.0,0.0,0.0,0.0,0.0,,,,,,,0,,,,,,,
1754967126.3587334,,,,0.0,0.0,0.0,0.0,0.0,0.0,,,,,,,0,,,,,,,
1754967126.46134,,,,0.0,0.0,0.0,0.0,0.0,0.0,,,,,,,0,,,,,,,
1754967126.5639668,,,,0.0,0.0,0.0,0.0,0.0,0.0,,,,,,,0,,,,,,,
1754967126.6659555,,,,0.0,0.0,0.0,0.0,0.0,0.0,,,,,,,0,,,,,,,
1754967126.7691815,,,,0.0,0.0,0.0,0.0,0.0,0.0,,,,,,,0,,,,,,,
1754967126.8720686,,,,0.0,0.0,0.0,0.0,0.0,0.0,,,,,,,0,,,,,,,
1754967126.975481,,,,0.0,0.0,0.0,0.0,0.0,0.0,,,,,,,0,,,,,,,
1754967127.0788314,,,,0.0,0.0,0.0,0.0,0.0,0.0,,,,,,,0,,,,,,,
1754967127.182244,,,,0.0,0.0,0.0,0.0,0.0,0.0,,,,,,,0,,,,,,,
1754967127.285804,,,,0.0,0.0,0.0,0.0,0.0,0.0,,,,,,,0,,,,,,,
1754967127.3889456,,,,0.0,0.0,0.0,0.0,0.0,0.0,,,,,,,0,,,,,,,
1754967127.491664,,,,0.0,0.0,0.0,0.0,0.0,0.0,,,,,,,0,,,,,,,
1754967127.594697,,,,0.0,0.0,0.0,0.0,0.0,0.0,,,,,,,0,,,,,,,
1754967127.6987922,,,,0.0,0.0,0.0,0.0,0.0,0.0,,,,,,,0,,,,,,,
1754967127.803999,,,,0.0,0.0,0.0,0.0,0.0,0.0,,,,,,,0,,,,,,,
1754967127.9073422,,,,0.0,0.0,0.0,0.0,0.0,0.0,,,,,,,0,,,,,,,
1754967128.0095537,,,,0.0,0.0,0.0,0.0,0.0,0.0,,,,,,,0,,,,,,,
1754967128.1126049,,,,0.0,0.0,0.0,0.0,0.0,0.0,,,,,,,0,,,,,,,
1754967128.2159672,,,,0.0,0.0,0.0,0.0,0.0,0.0,,,,,,,0,,,,,,,
1754967128.3192618,,,,0.0,0.0,0.0,0.0,0.0,0.0,,,,,,,0,,,,,,,
1754967128.4221342,,,,0.0,0.0,0.0,0.0,0.0,0.0,,,,,,,0,,,,,,,
1754967128.5251262,,,,0.0,0.0,0.0,0.0,0.0,0.0,,,,,,,0,,,,,,,
1754967128.627229,,,,0.0,0.0,0.0,0.0,0.0,0.0,,,,,,,0,,,,,,,
1754967128.72982,,,,0.0,0.0,0.0,0.0,0.0,0.0,,,,,,,0,,,,,,,
1754967128.8329623,,,,0.0,0.0,0.0,0.0,0.0,0.0,,,,,,,0,,,,,,,
1754967128.9357536,,,,0.0,0.0,0.0,0.0,0.0,0.0,,,,,,,0,,,,,,,
1754967129.0387084,,,,0.0,0.0,0.0,0.0,0.0,0.0,,,,,,,0,,,,,,,
1754967129.1421504,,,,0.0,0.0,0.0,0.0,0.0,0.0,,,,,,,0,,,,,,,
1754967129.2448556,,,,0.0,0.0,0.0,0.0,0.0,0.0,,,,,,,0,,,,,,,
1754967129.34741,,,,0.0,0.0,0.0,0.0,0.0,0.0,,,,,,,0,,,,,,,
1754967129.4499435,,,,0.0,0.0,0.0,0.0,0.0,0.0,,,,,,,0,,,,,,,
1754967129.5527794,,,,0.0,0.0,0.0,0.0,0.0,0.0,,,,,,,0,,,,,,,
1754967129.6555579,,,,0.0,0.0,0.0,0.0,0.0,0.0,,,,,,,0,,,,,,,
1754967129.7578917,,,,0.0,0.0,0.0,0.0,0.0,0.0,,,,,,,0,,,,,,,
1754967129.8643143,,,,0.0,0.0,0.0,0.0,0.0,0.0,,,,,,,0,,,,,,,
1754967129.9667616,,,,0.0,0.0,0.0,0.0,0.0,0.0,,,,,,,0,,,,,,,
1754967130.06953,,,,0.0,0.0,0.0,0.0,0.0,0.0,,,,,,,0,,,,,,,
1754967130.173747,,,,0.0,0.0,0.0,0.0,0.0,0.0,,,,,,,0,,,,,,,
1754967130.2764652,,,,0.0,0.0,0.0,0.0,0.0,0.0,,,,,,,0,,,,,,,
1754967130.3789256,,,,0.0,0.0,0.0,0.0,0.0,0.0,,,,,,,0,,,,,,,
1754967130.4815893,,,,0.0,0.0,0.0,0.0,0.0,0.0,,,,,,,0,,,,,,,
1754967130.5865796,,,,0.0,0.0,0.0,0.0,0.0,0.0,,,,,,,0,,,,,,,
1754967130.6896195,,,,0.0,0.0,0.0,0.0,0.0,0.0,,,,,,,0,,,,,,,
1754967130.7929952,,,,0.0,0.0,0.0,0.0,0.0,0.0,,,,,,,0,,,,,,,
1754967130.8955746,,,,0.0,0.0,0.0,0.0,0.0,0.0,,,,,,,0,,,,,,,
1754967130.9987156,,,,0.0,0.0,0.0,0.0,0.0,0.0,,,,,,,0,,,,,,,
1754967131.1008587,,,,0.0,0.0,0.0,0.0,0.0,0.0,,,,,,,0,,,,,,,
1754967131.2045195,,,,0.0,0.0,0.0,0.0,0.0,0.0,,,,,,,0,,,,,,,
1754967131.307933,,,,0.0,0.0,0.0,0.0,0.0,0.0,,,,,,,0,,,,,,,
1754967131.4107795,,,,0.0,0.0,0.0,0.0,0.0,0.0,,,,,,,0,,,,,,,
1754967131.5134747,,,,0.0,0.0,0.0,0.0,0.0,0.0,,,,,,,0,,,,,,,
1754967131.6156833,,,,0.0,0.0,0.0,0.0,0.0,0.0,,,,,,,0,,,,,,,
1754967131.7181716,,,,0.0,0.0,0.0,0.0,0.0,0.0,,,,,,,0,,,,,,,
1754967131.8214405,,,,0.0,0.0,0.0,0.0,0.0,0.0,,,,,,,0,,,,,,,
1754967131.9257705,,,,0.0,0.0,0.0,0.0,0.0,0.0,,,,,,,0,,,,,,,
1754967132.0289981,,,,0.0,0.0,0.0,0.0,0.0,0.0,,,,,,,0,,,,,,,
1754967132.1314816,,,,0.0,0.0,0.0,0.0,0.0,0.0,,,,,,,0,,,,,,,
1754967132.2339883,,,,0.0,0.0,0.0,0.0,0.0,0.0,,,,,,,0,,,,,,,
1754967132.3372548,,,,0.0,0.0,0.0,0.0,0.0,0.0,,,,,,,0,,,,,,,
1754967132.4399936,,,,0.0,0.0,0.0,0.0,0.0,0.0,,,,,,,0,,,,,,,
1754967132.5428991,,,,0.0,0.0,0.0,0.0,0.0,0.0,,,,,,,0,,,,,,,
1754967132.645629,,,,0.0,0.0,0.0,0.0,0.0,0.0,,,,,,,0,,,,,,,
1754967132.7486687,,,,0.0,0.0,0.0,0.0,0.0,0.0,,,,,,,0,,,,,,,
1754967132.8516746,,,,0.0,0.0,0.0,0.0,0.0,0.0,,,,,,,0,,,,,,,
1754967132.955106,,,,0.0,0.0,0.0,0.0,0.0,0.0,,,,,,,0,,,,,,,
1754967133.057739,,,,0.0,0.0,0.0,0.0,0.0,0.0,,,,,,,0,,,,,,,
1754967133.1609874,,,,0.0,0.0,0.0,0.0,0.0,0.0,,,,,,,0,,,,,,,
1754967133.2643473,,,,0.0,0.0,0.0,0.0,0.0,0.0,,,,,,,0,,,,,,,
1754967133.366584,,,,0.0,0.0,0.0,0.0,0.0,0.0,,,,,,,0,,,,,,,
1754967133.4689746,,,,0.0,0.0,0.0,0.0,0.0,0.0,,,,,,,0,,,,,,,
1754967133.571106,,,,0.0,0.0,0.0,0.0,0.0,0.0,,,,,,,0,,,,,,,
1754967133.6733856,,,,0.0,0.0,0.0,0.0,0.0,0.0,,,,,,,0,,,,,,,
1754967133.775977,,,,0.0,0.0,0.0,0.0,0.0,0.0,,,,,,,0,,,,,,,
1754967133.8787098,,,,0.0,0.0,0.0,0.0,0.0,0.0,,,,,,,0,,,,,,,
1754967133.9840095,,,,0.0,0.0,0.0,0.0,0.0,0.0,,,,,,,0,,,,,,,
1754967134.0870695,,,,0.0,0.0,0.0,0.0,0.0,0.0,,,,,,,0,,,,,,,
1754967134.1894903,,,,0.0,0.0,0.0,0.0,0.0,0.0,,,,,,,0,,,,,,,
1754967134.2925992,,,,0.0,0.0,0.0,0.0,0.0,0.0,,,,,,,0,,,,,,,
1754967134.3961017,,,,0.0,0.0,0.0,0.0,0.0,0.0,,,,,,,0,,,,,,,
1754967134.498214,,,,0.0,0.0,0.0,0.0,0.0,0.0,,,,,,,0,,,,,,,
1754967134.6015258,,,,0.0,0.0,0.0,0.0,0.0,0.0,,,,,,,0,,,,,,,
1754967134.7049575,,,,0.0,0.0,0.0,0.0,0.0,0.0,,,,,,,0,,,,,,,
1754967134.8093069,,,,0.0,0.0,0.0,0.0,0.0,0.0,,,,,,,0,,,,,,,
1754967134.9124513,,,,0.0,0.0,0.0,0.0,0.0,0.0,,,,,,,0,,,,,,,
1754967135.0146053,,,,0.0,0.0,0.0,0.0,0.0,0.0,,,,,,,0,,,,,,,
1754967135.1168253,,,,0.0,0.0,0.0,0.0,0.0,0.0,,,,,,,0,,,,,,,
1754967135.2199914,,,,0.0,0.0,0.0,0.0,0.0,0.0,,,,,,,0,,,,,,,
1754967135.322696,,,,0.0,0.0,0.0,0.0,0.0,0.0,,,,,,,0,,,,,,,
1754967135.4259071,,,,0.0,0.0,0.0,0.0,0.0,0.0,,,,,,,0,,,,,,,
1754967135.5287743,,,,0.0,0.0,0.0,0.0,0.0,0.0,,,,,,,0,,,,,,,
1754967135.6336615,,,,0.0,0.0,0.0,0.0,0.0,0.0,,,,,,,0,,,,,,,
1754967135.736505,,,,0.0,0.0,0.0,0.0,0.0,0.0,,,,,,,0,,,,,,,
1754967135.839895,,,,0.0,0.0,0.0,0.0,0.0,0.0,,,,,,,0,,,,,,,
1754967135.9425087,,,,0.0,0.0,0.0,0.0,0.0,0.0,,,,,,,0,,,,,,,
1754967136.0559645,,,,0.0,0.0,0.0,0.0,0.0,0.0,,,,,,,0,,,,,,,
1754967136.15881,,,,0.0,0.0,0.0,0.0,0.0,0.0,,,,,,,0,,,,,,,
1754967136.2610695,,,,0.0,0.0,0.0,0.0,0.0,0.0,,,,,,,0,,,,,,,
1754967136.3642237,,,,0.0,0.0,0.0,0.0,0.0,0.0,,,,,,,0,,,,,,,
1754967136.4667096,,,,0.0,0.0,0.0,0.0,0.0,0.0,,,,,,,0,,,,,,,
1754967136.5686872,,,,0.0,0.0,0.0,0.0,0.0,0.0,,,,,,,0,,,,,,,
1754967136.6717565,,,,0.0,0.0,0.0,0.0,0.0,0.0,0.009222998283803463,-0.12519505620002747,0.5211694240570068,,,,0,,,,,,,
1754967136.7742383,,,,0.0,0.0,0.0,0.0,0.0,0.0,0.009222998283803463,-0.12519505620002747,0.5211694240570068,,,,0,,,,,,,
1754967136.8768463,,,,0.0,0.0,0.0,0.0,0.0,0.0,0.009222998283803463,-0.12519505620002747,0.5211694240570068,,,,0,,,,,,,
1754967136.980219,,,,0.0,0.0,0.0,0.0,0.0,0.0,0.009222998283803463,-0.12519505620002747,0.5211694240570068,,,,0,,,,,,,
1754967137.0831954,,,,0.0,0.0,0.0,0.0,0.0,0.0,0.009222998283803463,-0.12519505620002747,0.5211694240570068,,,,0,,,,,,,
1754967137.186293,,,,0.0,0.0,0.0,0.0,0.0,0.0,0.009222998283803463,-0.12519505620002747,0.5211694240570068,,,,0,,,,,,,
1754967137.2897177,,,,0.0,0.0,0.0,0.0,0.0,0.0,0.009222998283803463,-0.12519505620002747,0.5211694240570068,,,,0,,,,,,,
1754967137.3932426,,,,0.0,0.0,0.0,0.0,0.0,0.0,0.009222998283803463,-0.12519505620002747,0.5211694240570068,,,,0,,,,,,,
1754967137.4960089,,,,0.0,0.0,0.0,0.0,0.0,0.0,0.009222998283803463,-0.12519505620002747,0.5211694240570068,,,,0,,,,,,,
1754967137.5994687,,,,0.0,0.0,0.0,0.0,0.0,0.0,0.009222998283803463,-0.12519505620002747,0.5211694240570068,,,,0,,,,,,,
1754967137.702831,,,,0.0,0.0,0.0,0.0,0.0,0.0,0.009222998283803463,-0.12519505620002747,0.5211694240570068,,,,0,,,,,,,
1754967137.8056235,,,,0.0,0.0,0.0,0.0,0.0,0.0,0.009222998283803463,-0.12519505620002747,0.5211694240570068,,,,0,,,,,,,
1754967137.908338,,,,0.0,0.0,0.0,0.0,0.0,0.0,0.009222998283803463,-0.12519505620002747,0.5211694240570068,,,,0,,,,,,,
1754967138.010771,,,,0.0,0.0,0.0,0.0,0.0,0.0,0.009222998283803463,-0.12519505620002747,0.5211694240570068,,,,0,,,,,,,
1754967138.115801,,,,0.0,0.0,0.0,0.0,0.0,0.0,0.009222998283803463,-0.12519505620002747,0.5211694240570068,,,,0,,,,,,,
1754967138.218657,,,,0.0,0.0,0.0,0.0,0.0,0.0,0.009222998283803463,-0.12519505620002747,0.5211694240570068,,,,0,,,,,,,
1754967138.3217168,,,,0.0,0.0,0.0,0.0,0.0,0.0,0.009222998283803463,-0.12519505620002747,0.5211694240570068,,,,0,,,,,,,
1754967138.4250104,,,,0.0,0.0,0.0,0.0,0.0,0.0,0.009222998283803463,-0.12519505620002747,0.5211694240570068,,,,0,,,,,,,
1754967138.52747,,,,0.0,0.0,0.0,0.0,0.0,0.0,0.009222998283803463,-0.12519505620002747,0.5211694240570068,,,,0,,,,,,,
1754967138.6307,,,,0.0,0.0,0.0,0.0,0.0,0.0,0.009222998283803463,-0.12519505620002747,0.5211694240570068,,,,0,,,,,,,
1754967138.7336066,,,,0.0,0.0,0.0,0.0,0.0,0.0,0.009222998283803463,-0.12519505620002747,0.5211694240570068,,,,0,,,,,,,
1754967138.8373077,,,,0.0,0.0,0.0,0.0,0.0,0.0,0.009222998283803463,-0.12519505620002747,0.5211694240570068,,,,0,,,,,,,
1754967138.9402373,,,,0.0,0.0,0.0,0.0,0.0,0.0,0.009222998283803463,-0.12519505620002747,0.5211694240570068,,,,0,,,,,,,
1754967139.0429595,,,,0.0,0.0,0.0,0.0,0.0,0.0,0.009222998283803463,-0.12519505620002747,0.5211694240570068,,,,0,,,,,,,
1754967139.1456058,,,,0.0,0.0,0.0,0.0,0.0,0.0,0.009222998283803463,-0.12519505620002747,0.5211694240570068,,,,0,,,,,,,
1754967139.2484512,,,,0.0,0.0,0.0,0.0,0.0,0.0,0.009222998283803463,-0.12519505620002747,0.5211694240570068,,,,0,,,,,,,
1754967139.351382,,,,0.0,0.0,0.0,0.0,0.0,0.0,0.009222998283803463,-0.12519505620002747,0.5211694240570068,,,,0,,,,,,,
1754967139.4543793,,,,0.0,0.0,0.0,0.0,0.0,0.0,0.009222998283803463,-0.12519505620002747,0.5211694240570068,,,,0,,,,,,,
1754967139.5572288,,,,0.0,0.0,0.0,0.0,0.0,0.0,0.009222998283803463,-0.12519505620002747,0.5211694240570068,,,,0,,,,,,,
1754967139.6600602,,,,0.0,0.0,0.0,0.0,0.0,0.0,0.009222998283803463,-0.12519505620002747,0.5211694240570068,,,,0,,,,,,,
1754967139.7630963,,,,0.0,0.0,0.0,0.0,0.0,0.0,0.009222998283803463,-0.12519505620002747,0.5211694240570068,,,,0,,,,,,,
1754967139.8661284,,,,0.0,0.0,0.0,0.0,0.0,0.0,0.009222998283803463,-0.12519505620002747,0.5211694240570068,,,,0,,,,,,,
1754967139.9696755,,,,0.0,0.0,0.0,0.0,0.0,0.0,0.009222998283803463,-0.12519505620002747,0.5211694240570068,,,,0,,,,,,,
1754967140.0720465,,,,0.0,0.0,0.0,0.0,0.0,0.0,0.009222998283803463,-0.12519505620002747,0.5211694240570068,,,,0,,,,,,,
1754967140.1779876,,,,0.0,0.0,0.0,0.0,0.0,0.0,0.009222998283803463,-0.12519505620002747,0.5211694240570068,,,,0,,,,,,,
1754967140.2823424,,,,0.0,0.0,0.0,0.0,0.0,0.0,0.009222998283803463,-0.12519505620002747,0.5211694240570068,,,,0,,,,,,,
1754967140.3848634,,,,0.0,0.0,0.0,0.0,0.0,0.0,0.009222998283803463,-0.12519505620002747,0.5211694240570068,,,,0,,,,,,,
1754967140.4886649,,,,0.0,0.0,0.0,0.0,0.0,0.0,0.009222998283803463,-0.12519505620002747,0.5211694240570068,,,,0,,,,,,,
1754967140.5920386,,,,0.0,0.0,0.0,0.0,0.0,0.0,0.009222998283803463,-0.12519505620002747,0.5211694240570068,,,,0,,,,,,,
1754967140.6976254,,,,0.0,0.0,0.0,0.0,0.0,0.0,0.009222998283803463,-0.12519505620002747,0.5211694240570068,,,,0,,,,,,,
1754967140.8005733,,,,0.0,0.0,0.0,0.0,0.0,0.0,0.009222998283803463,-0.12519505620002747,0.5211694240570068,,,,0,,,,,,,
1754967140.9029863,,,,0.0,0.0,0.0,0.0,0.0,0.0,0.009222998283803463,-0.12519505620002747,0.5211694240570068,,,,0,,,,,,,
1754967141.006177,,,,0.0,0.0,0.0,0.0,0.0,0.0,0.009222998283803463,-0.12519505620002747,0.5211694240570068,,,,0,,,,,,,
1754967141.1087391,,,,0.0,0.0,0.0,0.0,0.0,0.0,0.009222998283803463,-0.12519505620002747,0.5211694240570068,,,,0,,,,,,,
1754967141.2112615,,,,0.0,0.0,0.0,0.0,0.0,0.0,0.009222998283803463,-0.12519505620002747,0.5211694240570068,,,,0,,,,,,,
1754967141.3133812,,,,0.0,0.0,0.0,0.0,0.0,0.0,0.009222998283803463,-0.12519505620002747,0.5211694240570068,,,,0,,,,,,,
1754967141.415919,,,,0.0,0.0,0.0,0.0,0.0,0.0,0.009222998283803463,-0.12519505620002747,0.5211694240570068,,,,0,,,,,,,
1754967141.5188408,,,,0.0,0.0,0.0,0.0,0.0,0.0,0.009222998283803463,-0.12519505620002747,0.5211694240570068,,,,0,,,,,,,
1754967141.6218345,,,,0.0,0.0,0.0,0.0,0.0,0.0,0.009222998283803463,-0.12519505620002747,0.5211694240570068,,,,0,,,,,,,
1754967141.7244277,,,,0.0,0.0,0.0,0.0,0.0,0.0,0.009222998283803463,-0.12519505620002747,0.5211694240570068,,,,0,,,,,,,
1754967141.8269677,,,,0.0,0.0,0.0,0.0,0.0,0.0,0.009222998283803463,-0.12519505620002747,0.5211694240570068,,,,0,,,,,,,
1754967141.9300923,,,,0.0,0.0,0.0,0.0,0.0,0.0,0.009222998283803463,-0.12519505620002747,0.5211694240570068,,,,0,,,,,,,
1754967142.0330071,,,,0.0,0.0,0.0,0.0,0.0,0.0,0.009222998283803463,-0.12519505620002747,0.5211694240570068,,,,0,,,,,,,
1754967142.136027,,,,0.0,0.0,0.0,0.0,0.0,0.0,0.009222998283803463,-0.12519505620002747,0.5211694240570068,,,,0,,,,,,,
1754967142.2403326,,,,0.0,0.0,0.0,0.0,0.0,0.0,0.009222998283803463,-0.12519505620002747,0.5211694240570068,,,,0,,,,,,,
1754967142.342925,,,,0.0,0.0,0.0,0.0,0.0,0.0,0.009222998283803463,-0.12519505620002747,0.5211694240570068,,,,0,,,,,,,
1754967142.4451256,,,,0.0,0.0,0.0,0.0,0.0,0.0,0.009222998283803463,-0.12519505620002747,0.5211694240570068,,,,0,,,,,,,
1754967142.5479887,,,,0.0,0.0,0.0,0.0,0.0,0.0,0.009222998283803463,-0.12519505620002747,0.5211694240570068,,,,0,,,,,,,
1754967142.6516614,,,,0.0,0.0,0.0,0.0,0.0,0.0,0.009222998283803463,-0.12519505620002747,0.5211694240570068,,,,0,,,,,,,
1754967142.7545583,,,,0.0,0.0,0.0,0.0,0.0,0.0,0.009222998283803463,-0.12519505620002747,0.5211694240570068,,,,0,,,,,,,
1754967142.8572886,,,,0.0,0.0,0.0,0.0,0.0,0.0,0.009222998283803463,-0.12519505620002747,0.5211694240570068,,,,0,,,,,,,
1754967142.9604664,,,,0.0,0.0,0.0,0.0,0.0,0.0,0.009222998283803463,-0.12519505620002747,0.5211694240570068,,,,0,,,,,,,
1754967143.0631227,,,,0.0,0.0,0.0,0.0,0.0,0.0,0.009222998283803463,-0.12519505620002747,0.5211694240570068,,,,0,,,,,,,
1754967143.1656427,,,,0.0,0.0,0.0,0.0,0.0,0.0,0.009222998283803463,-0.12519505620002747,0.5211694240570068,,,,0,,,,,,,
1754967143.2682445,,,,0.0,0.0,0.0,0.0,0.0,0.0,0.009222998283803463,-0.12519505620002747,0.5211694240570068,,,,0,,,,,,,
1754967143.370804,,,,0.0,0.0,0.0,0.0,0.0,0.0,0.009222998283803463,-0.12519505620002747,0.5211694240570068,,,,0,,,,,,,
1754967143.4749155,,,,0.0,0.0,0.0,0.0,0.0,0.0,0.009222998283803463,-0.12519505620002747,0.5211694240570068,,,,0,,,,,,,
1754967143.5781546,,,,0.0,0.0,0.0,0.0,0.0,0.0,0.009222998283803463,-0.12519505620002747,0.5211694240570068,,,,0,,,,,,,
1754967143.6809392,,,,0.0,0.0,0.0,0.0,0.0,0.0,0.009222998283803463,-0.12519505620002747,0.5211694240570068,,,,0,,,,,,,
1754967143.784236,,,,0.0,0.0,0.0,0.0,0.0,0.0,0.009222998283803463,-0.12519505620002747,0.5211694240570068,,,,0,,,,,,,
1754967143.887587,,,,0.0,0.0,0.0,0.0,0.0,0.0,0.009222998283803463,-0.12519505620002747,0.5211694240570068,,,,0,,,,,,,
1754967143.9898946,,,,0.0,0.0,0.0,0.0,0.0,0.0,0.009222998283803463,-0.12519505620002747,0.5211694240570068,,,,0,,,,,,,
1754967144.0932546,,,,0.0,0.0,0.0,0.0,0.0,0.0,0.009222998283803463,-0.12519505620002747,0.5211694240570068,,,,0,,,,,,,
1754967144.1962996,,,,0.0,0.0,0.0,0.0,0.0,0.0,0.009222998283803463,-0.12519505620002747,0.5211694240570068,,,,0,,,,,,,
1754967144.3008502,,,,0.0,0.0,0.0,0.0,0.0,0.0,0.009222998283803463,-0.12519505620002747,0.5211694240570068,,,,0,,,,,,,
1754967144.4027896,,,,0.0,0.0,0.0,0.0,0.0,0.0,0.009222998283803463,-0.12519505620002747,0.5211694240570068,,,,0,,,,,,,
1754967144.505776,,,,0.0,0.0,0.0,0.0,0.0,0.0,0.009222998283803463,-0.12519505620002747,0.5211694240570068,,,,0,,,,,,,
1754967144.6094012,,,,0.0,0.0,0.0,0.0,0.0,0.0,0.009222998283803463,-0.12519505620002747,0.5211694240570068,,,,0,,,,,,,
1754967144.712556,,,,0.0,0.0,0.0,0.0,0.0,0.0,0.009222998283803463,-0.12519505620002747,0.5211694240570068,,,,0,,,,,,,
1754967144.8157482,,,,0.0,0.0,0.0,0.0,0.0,0.0,0.009222998283803463,-0.12519505620002747,0.5211694240570068,,,,0,,,,,,,
1754967144.9190977,,,,0.0,0.0,0.0,0.0,0.0,0.0,0.009222998283803463,-0.12519505620002747,0.5211694240570068,,,,0,,,,,,,
1754967145.0212715,,,,0.0,0.0,0.0,0.0,0.0,0.0,0.009222998283803463,-0.12519505620002747,0.5211694240570068,,,,0,,,,,,,
1754967145.1240385,,,,0.0,0.0,0.0,0.0,0.0,0.0,0.009222998283803463,-0.12519505620002747,0.5211694240570068,,,,0,,,,,,,
1754967145.226966,,,,0.0,0.0,0.0,0.0,0.0,0.0,0.009222998283803463,-0.12519505620002747,0.5211694240570068,,,,0,,,,,,,
1754967145.3300784,,,,0.0,0.0,0.0,0.0,0.0,0.0,0.009222998283803463,-0.12519505620002747,0.5211694240570068,,,,0,,,,,,,
1754967145.4334571,,,,0.0,0.0,0.0,0.0,0.0,0.0,0.009222998283803463,-0.12519505620002747,0.5211694240570068,,,,0,,,,,,,
1754967145.5363476,,,,0.0,0.0,0.0,0.0,0.0,0.0,0.009222998283803463,-0.12519505620002747,0.5211694240570068,,,,0,,,,,,,
1754967145.640039,,,,0.0,0.0,0.0,0.0,0.0,0.0,0.009222998283803463,-0.12519505620002747,0.5211694240570068,,,,0,,,,,,,
1754967145.745036,,,,0.0,0.0,0.0,0.0,0.0,0.0,0.009222998283803463,-0.12519505620002747,0.5211694240570068,,,,0,,,,,,,
1754967145.8482163,,,,0.0,0.0,0.0,0.0,0.0,0.0,0.009222998283803463,-0.12519505620002747,0.5211694240570068,,,,0,,,,,,,
1754967145.95078,,,,0.0,0.0,0.0,0.0,0.0,0.0,0.009222998283803463,-0.12519505620002747,0.5211694240570068,,,,0,,,,,,,
1754967146.0535116,,,,0.0,0.0,0.0,0.0,0.0,0.0,0.009222998283803463,-0.12519505620002747,0.5211694240570068,,,,0,,,,,,,
1754967146.156341,,,,0.0,0.0,0.0,0.0,0.0,0.0,0.009222998283803463,-0.12519505620002747,0.5211694240570068,,,,0,,,,,,,
1754967146.2588081,,,,0.0,0.0,0.0,0.0,0.0,0.0,0.009222998283803463,-0.12519505620002747,0.5211694240570068,,,,0,,,,,,,
1754967146.3634124,,,,0.0,0.0,0.0,0.0,0.0,0.0,0.009222998283803463,-0.12519505620002747,0.5211694240570068,,,,0,,,,,,,
1754967146.4658895,,,,0.0,0.0,0.0,0.0,0.0,0.0,0.009222998283803463,-0.12519505620002747,0.5211694240570068,,,,0,,,,,,,
1754967146.568459,,,,0.0,0.0,0.0,0.0,0.0,0.0,0.009222998283803463,-0.12519505620002747,0.5211694240570068,,,,0,,,,,,,
1754967146.6710837,,,,0.0,0.0,0.0,0.0,0.0,0.0,0.009222998283803463,-0.12519505620002747,0.5211694240570068,,,,0,,,,,,,
1754967146.7740695,,,,0.0,0.0,0.0,0.0,0.0,0.0,0.009222998283803463,-0.12519505620002747,0.5211694240570068,,,,0,,,,,,,
1754967146.8769758,,,,0.0,0.0,0.0,0.0,0.0,0.0,0.009222998283803463,-0.12519505620002747,0.5211694240570068,,,,0,,,,,,,
1754967146.9799316,,,,0.0,0.0,0.0,0.0,0.0,0.0,0.009222998283803463,-0.12519505620002747,0.5211694240570068,,,,0,,,,,,,
1754967147.0825524,,,,0.0,0.0,0.0,0.0,0.0,0.0,0.009222998283803463,-0.12519505620002747,0.5211694240570068,,,,0,,,,,,,
1754967147.184851,,,,0.0,0.0,0.0,0.0,0.0,0.0,0.009222998283803463,-0.12519505620002747,0.5211694240570068,,,,0,,,,,,,
1754967147.2871513,,,,0.0,0.0,0.0,0.0,0.0,0.0,0.009222998283803463,-0.12519505620002747,0.5211694240570068,,,,0,,,,,,,
1754967147.390343,,,,0.0,0.0,0.0,0.0,0.0,0.0,0.009222998283803463,-0.12519505620002747,0.5211694240570068,,,,0,,,,,,,
1754967147.492706,,,,0.0,0.0,0.0,0.0,0.0,0.0,0.009222998283803463,-0.12519505620002747,0.5211694240570068,,,,0,,,,,,,
1754967147.595011,,,,0.0,0.0,0.0,0.0,0.0,0.0,0.009222998283803463,-0.12519505620002747,0.5211694240570068,,,,0,,,,,,,
1754967147.69824,,,,0.0,0.0,0.0,0.0,0.0,0.0,0.009222998283803463,-0.12519505620002747,0.5211694240570068,,,,0,,,,,,,
1754967147.8011708,,,,0.0,0.0,0.0,0.0,0.0,0.0,0.009222998283803463,-0.12519505620002747,0.5211694240570068,,,,0,,,,,,,
1754967147.9033515,,,,0.0,0.0,0.0,0.0,0.0,0.0,0.009222998283803463,-0.12519505620002747,0.5211694240570068,,,,0,,,,,,,
1754967148.006561,,,,0.0,0.0,0.0,0.0,0.0,0.0,0.009222998283803463,-0.12519505620002747,0.5211694240570068,,,,0,,,,,,,
1754967148.1092687,,,,0.0,0.0,0.0,0.0,0.0,0.0,0.009222998283803463,-0.12519505620002747,0.5211694240570068,,,,0,,,,,,,
1754967148.2120101,,,,0.0,0.0,0.0,0.0,0.0,0.0,0.009222998283803463,-0.12519505620002747,0.5211694240570068,,,,0,,,,,,,
1754967148.315001,,,,0.0,0.0,0.0,0.0,0.0,0.0,0.009222998283803463,-0.12519505620002747,0.5211694240570068,,,,0,,,,,,,
1754967148.4191866,,,,0.0,0.0,0.0,0.0,0.0,0.0,0.009222998283803463,-0.12519505620002747,0.5211694240570068,,,,0,,,,,,,
1754967148.522704,,,,0.0,0.0,0.0,0.0,0.0,0.0,0.009222998283803463,-0.12519505620002747,0.5211694240570068,,,,0,,,,,,,
1754967148.6258657,,,,0.0,0.0,0.0,0.0,0.0,0.0,0.009222998283803463,-0.12519505620002747,0.5211694240570068,,,,0,,,,,,,
1754967148.7289085,,,,0.0,0.0,0.0,0.0,0.0,0.0,0.009222998283803463,-0.12519505620002747,0.5211694240570068,,,,0,,,,,,,
1754967148.831753,,,,0.0,0.0,0.0,0.0,0.0,0.0,0.009222998283803463,-0.12519505620002747,0.5211694240570068,,,,0,,,,,,,
1754967148.933747,,,,0.0,0.0,0.0,0.0,0.0,0.0,0.009222998283803463,-0.12519505620002747,0.5211694240570068,,,,0,,,,,,,
1754967149.0368724,,,,0.0,0.0,0.0,0.0,0.0,0.0,0.009222998283803463,-0.12519505620002747,0.5211694240570068,,,,0,,,,,,,
1754967149.1399488,,,,0.0,0.0,0.0,0.0,0.0,0.0,0.009222998283803463,-0.12519505620002747,0.5211694240570068,,,,0,,,,,,,
1754967149.2425706,,,,0.0,0.0,0.0,0.0,0.0,0.0,0.009222998283803463,-0.12519505620002747,0.5211694240570068,,,,0,,,,,,,
1754967149.3452528,,,,0.0,0.0,0.0,0.0,0.0,0.0,0.009222998283803463,-0.12519505620002747,0.5211694240570068,,,,0,,,,,,,
1754967149.4479132,,,,0.0,0.0,0.0,0.0,0.0,0.0,0.009222998283803463,-0.12519505620002747,0.5211694240570068,,,,0,,,,,,,
1754967149.5506582,,,,0.0,0.0,0.0,0.0,0.0,0.0,0.009222998283803463,-0.12519505620002747,0.5211694240570068,,,,0,,,,,,,
1754967149.6538901,,,,0.0,0.0,0.0,0.0,0.0,0.0,0.009222998283803463,-0.12519505620002747,0.5211694240570068,,,,0,,,,,,,
1754967149.7570648,,,,0.0,0.0,0.0,0.0,0.0,0.0,0.009222998283803463,-0.12519505620002747,0.5211694240570068,,,,0,,,,,,,
1754967149.8599582,,,,0.0,0.0,0.0,0.0,0.0,0.0,0.009222998283803463,-0.12519505620002747,0.5211694240570068,,,,0,,,,,,,
1754967149.962705,,,,0.0,0.0,0.0,0.0,0.0,0.0,0.009222998283803463,-0.12519505620002747,0.5211694240570068,,,,0,,,,,,,
1754967150.0652053,,,,0.0,0.0,0.0,0.0,0.0,0.0,0.009222998283803463,-0.12519505620002747,0.5211694240570068,,,,0,,,,,,,
1754967150.1686068,,,,0.0,0.0,0.0,0.0,0.0,0.0,0.009222998283803463,-0.12519505620002747,0.5211694240570068,,,,0,,,,,,,
1754967150.2715707,,,,0.0,0.0,0.0,0.0,0.0,0.0,0.009222998283803463,-0.12519505620002747,0.5211694240570068,,,,0,,,,,,,
1754967150.3744383,,,,0.0,0.0,0.0,0.0,0.0,0.0,0.009222998283803463,-0.12519505620002747,0.5211694240570068,,,,0,,,,,,,
1754967150.4786415,,,,0.0,0.0,0.0,0.0,0.0,0.0,0.008687813766300678,-0.1238192617893219,0.5226215124130249,,,,1,,,,,,,
1754967150.580616,,,,0.0,0.0,0.0,0.0,0.0,0.0,0.006423600018024445,-0.137033611536026,0.5221179723739624,,,,1,,,,,,,
1754967150.6842456,,,,0.0,0.0,0.0,0.0,0.0,0.0,0.0015693302266299725,-0.17314954102039337,0.5194834470748901,,,,1,,,,,,,
1754967150.7891822,,,,0.0,0.0,0.0,0.0,0.0,0.0,0.000959632103331387,-0.17927926778793335,0.5191450715065002,,,,1,,,,,,,
1754967150.8925574,,,,0.0,0.0,0.0,0.0,0.0,0.0,0.0009289531735703349,-0.1816015988588333,0.5189652442932129,,,,1,,,,,,,
1754967150.995064,,,,0.0,0.0,0.0,0.0,0.0,0.0,0.004047592170536518,-0.1995343267917633,0.5169731974601746,,,,1,,,,,,,
1754967151.099468,,,,0.0,0.0,0.0,0.0,0.0,0.0,0.005828913766890764,-0.20548288524150848,0.5162534117698669,,,,1,,,,,,,
1754967151.2024822,,,,0.0,0.0,0.0,0.0,0.0,0.0,0.0176002886146307,-0.20213384926319122,0.5156378149986267,,,,1,,,,,,,
1754967151.3054388,,,,0.0,0.0,0.0,0.0,0.0,0.0,0.03207501769065857,-0.1971682906150818,0.5149619579315186,,,,1,,,,,,,
1754967151.409134,,,,0.0,0.0,0.0,0.0,0.0,0.0,0.051275353878736496,-0.20364335179328918,0.5127802491188049,,,,1,,,,,,,
1754967151.5118577,,,,0.0,0.0,0.0,0.0,0.0,0.0,0.05860426276922226,-0.21010459959506989,0.5115549564361572,,,,1,,,,,,,
1754967151.6156688,,,,0.0,0.0,0.0,0.0,0.0,0.0,0.06115367263555527,-0.2175361067056656,0.5106188654899597,,,,1,,,,,,,
1754967151.719254,,,,0.0,0.0,0.0,0.0,0.0,0.0,0.055844493210315704,-0.22249561548233032,0.5105581879615784,,,,1,,,,,,,
1754967151.82182,,,,0.0,0.0,0.0,0.0,0.0,0.0,0.0455988310277462,-0.2241804152727127,0.5112168192863464,,,,1,,,,,,,
1754967151.9247375,,,,0.0,0.0,0.0,0.0,0.0,0.0,0.03634972870349884,-0.2232780009508133,0.5120497941970825,,,,1,,,,,,,
1754967152.0281537,,,,0.0,0.0,0.0,0.0,0.0,0.0,0.021870817989110947,-0.21913255751132965,0.5136225819587708,,,,1,,,,,,,
1754967152.1328688,,,,0.0,0.0,0.0,0.0,0.0,0.0,0.015610543079674244,-0.21436414122581482,0.5145952701568604,,,,1,,,,,,,
1754967152.2349224,,,,0.0,0.0,0.0,0.0,0.0,0.0,0.003971939906477928,-0.1959393173456192,0.5173441171646118,,,,1,,,,,,,
1754967152.337423,,,,0.0,0.0,0.0,0.0,0.0,0.0,-0.0016341765876859426,-0.18566714227199554,0.5188056230545044,,,,1,,,,,,,
1754967152.4399898,,,,0.0,0.0,0.0,0.0,0.0,0.0,-0.008657500147819519,-0.17133215069770813,0.5207808017730713,,,,1,,,,,,,
1754967152.544096,,,,0.0,0.0,0.0,0.0,0.0,0.0,-0.010709399357438087,-0.16781048476696014,0.5212923288345337,,,,1,,,,,,,
1754967152.646664,,,,0.0,0.0,0.0,0.0,0.0,0.0,-0.013287355192005634,-0.16596758365631104,0.5216810703277588,,,,1,,,,,,,
1754967152.7487018,,,,0.0,0.0,0.0,0.0,0.0,0.0,-0.014790705405175686,-0.16510634124279022,0.5218867063522339,,,,1,,,,,,,
1754967152.8516147,,,,0.0,0.0,0.0,0.0,0.0,0.0,-0.014887138269841671,-0.16547498106956482,0.5218582153320312,,,,1,,,,,,,
1754967152.9541233,,,,0.0,0.0,0.0,0.0,0.0,0.0,-0.014012333005666733,-0.16781750321388245,0.5215573906898499,,,,1,,,,,,,
1754967153.0567977,,,,0.0,0.0,0.0,0.0,0.0,0.0,-0.013937984593212605,-0.16798771917819977,0.5215346813201904,,,,1,,,,,,,
1754967153.1597314,,,,0.0,0.0,0.0,0.0,0.0,0.0,-0.013822607696056366,-0.1682642549276352,0.5214231014251709,,,,1,,,,,,,
1754967153.2628362,,,,0.0,0.0,0.0,0.0,0.0,0.0,-0.013115393929183483,-0.16998174786567688,0.520631730556488,,,,0,,,,,,,
1754967153.3658483,,,,0.0,0.0,0.0,0.0,0.0,0.0,-0.013115393929183483,-0.16998174786567688,0.520631730556488,,,,0,,,,,,,
1754967153.4686453,,,,0.0,0.0,0.0,0.0,0.0,0.0,-0.013115393929183483,-0.16998174786567688,0.520631730556488,,,,0,,,,,,,
1754967153.5720332,,,,0.0,0.0,0.0,0.0,0.0,0.0,-0.013115393929183483,-0.16998174786567688,0.520631730556488,,,,0,,,,,,,
1754967153.6742082,,,,0.0,0.0,0.0,0.0,0.0,0.0,-0.013115393929183483,-0.16998174786567688,0.520631730556488,,,,0,,,,,,,
1754967153.7771773,,,,0.0,0.0,0.0,0.0,0.0,0.0,-0.013115393929183483,-0.16998174786567688,0.520631730556488,,,,0,,,,,,,
1754967153.88033,,,,0.0,0.0,0.0,0.0,0.0,0.0,-0.013115393929183483,-0.16998174786567688,0.520631730556488,,,,0,,,,,,,
1754967153.9832609,,,,0.0,0.0,0.0,0.0,0.0,0.0,-0.013115393929183483,-0.16998174786567688,0.520631730556488,,,,0,,,,,,,
1754967154.0864775,,,,0.0,0.0,0.0,0.0,0.0,0.0,-0.013115393929183483,-0.16998174786567688,0.520631730556488,,,,0,,,,,,,
1754967154.1894763,,,,0.0,0.0,0.0,0.0,0.0,0.0,-0.013115393929183483,-0.16998174786567688,0.520631730556488,,,,0,,,,,,,
1754967154.2925835,,,,0.0,0.0,0.0,0.0,0.0,0.0,-0.013115393929183483,-0.16998174786567688,0.520631730556488,,,,0,,,,,,,
1754967154.3955536,,,,0.0,0.0,0.0,0.0,0.0,0.0,-0.013115393929183483,-0.16998174786567688,0.520631730556488,,,,0,,,,,,,
1754967154.4986863,,,,0.0,0.0,0.0,0.0,0.0,0.0,-0.013115393929183483,-0.16998174786567688,0.520631730556488,,,,0,,,,,,,
1754967154.6030746,,,,0.0,0.0,0.0,0.0,0.0,0.0,-0.013115393929183483,-0.16998174786567688,0.520631730556488,,,,0,,,,,,,
1754967154.7054963,,,,0.0,0.0,0.0,0.0,0.0,0.0,-0.013115393929183483,-0.16998174786567688,0.520631730556488,,,,0,,,,,,,
1754967154.8080418,,,,0.0,0.0,0.0,0.0,0.0,0.0,-0.013115393929183483,-0.16998174786567688,0.520631730556488,,,,0,,,,,,,
1754967154.9107943,,,,0.0,0.0,0.0,0.0,0.0,0.0,-0.013115393929183483,-0.16998174786567688,0.520631730556488,,,,0,,,,,,,
1754967155.014459,,,,0.0,0.0,0.0,0.0,0.0,0.0,-0.013115393929183483,-0.16998174786567688,0.520631730556488,,,,0,,,,,,,
1754967155.1172712,,,,0.0,0.0,0.0,0.0,0.0,0.0,-0.013115393929183483,-0.16998174786567688,0.520631730556488,,,,0,,,,,,,
1754967155.2204888,,,,0.0,0.0,0.0,0.0,0.0,0.0,-0.013115393929183483,-0.16998174786567688,0.520631730556488,,,,0,,,,,,,
1754967155.3236208,,,,0.0,0.0,0.0,0.0,0.0,0.0,-0.013115393929183483,-0.16998174786567688,0.520631730556488,,,,0,,,,,,,
1754967155.4261627,,,,0.0,0.0,0.0,0.0,0.0,0.0,-0.013115393929183483,-0.16998174786567688,0.520631730556488,,,,0,,,,,,,
1754967155.5286658,,,,0.0,0.0,0.0,0.0,0.0,0.0,-0.013115393929183483,-0.16998174786567688,0.520631730556488,,,,0,,,,,,,
1754967155.6309028,,,,0.0,0.0,0.0,0.0,0.0,0.0,-0.013115393929183483,-0.16998174786567688,0.520631730556488,,,,0,,,,,,,
1754967155.733685,,,,0.0,0.0,0.0,0.0,0.0,0.0,-0.013115393929183483,-0.16998174786567688,0.520631730556488,,,,0,,,,,,,
1754967155.8386323,,,,0.0,0.0,0.0,0.0,0.0,0.0,-0.013115393929183483,-0.16998174786567688,0.520631730556488,,,,0,,,,,,,
1754967155.941672,,,,0.0,0.0,0.0,0.0,0.0,0.0,-0.013115393929183483,-0.16998174786567688,0.520631730556488,,,,0,,,,,,,
1754967156.0447984,,,,0.0,0.0,0.0,0.0,0.0,0.0,-0.013115393929183483,-0.16998174786567688,0.520631730556488,,,,0,,,,,,,
1754967156.1471758,,,,0.0,0.0,0.0,0.0,0.0,0.0,-0.013115393929183483,-0.16998174786567688,0.520631730556488,,,,0,,,,,,,
1754967156.2508745,,,,0.0,0.0,0.0,0.0,0.0,0.0,-0.013115393929183483,-0.16998174786567688,0.520631730556488,,,,0,,,,,,,
1754967156.3544767,,,,0.0,0.0,0.0,0.0,0.0,0.0,-0.013115393929183483,-0.16998174786567688,0.520631730556488,,,,0,,,,,,,
1754967156.457356,,,,0.0,0.0,0.0,0.0,0.0,0.0,-0.013115393929183483,-0.16998174786567688,0.520631730556488,,,,0,,,,,,,
1754967156.55983,,,,0.0,0.0,0.0,0.0,0.0,0.0,-0.013115393929183483,-0.16998174786567688,0.520631730556488,,,,0,,,,,,,
1754967156.6642065,,,,0.0,0.0,0.0,0.0,0.0,0.0,-0.013115393929183483,-0.16998174786567688,0.520631730556488,,,,0,,,,,,,
1754967156.7664773,,,,0.0,0.0,0.0,0.0,0.0,0.0,-0.013115393929183483,-0.16998174786567688,0.520631730556488,,,,0,,,,,,,
1754967156.8692176,,,,0.0,0.0,0.0,0.0,0.0,0.0,-0.013115393929183483,-0.16998174786567688,0.520631730556488,,,,0,,,,,,,
1754967156.9712644,,,,0.0,0.0,0.0,0.0,0.0,0.0,-0.013115393929183483,-0.16998174786567688,0.520631730556488,,,,0,,,,,,,
1754967157.0735445,,,,0.0,0.0,0.0,0.0,0.0,0.0,-0.013115393929183483,-0.16998174786567688,0.520631730556488,,,,0,,,,,,,
1754967157.1764524,,,,0.0,0.0,0.0,0.0,0.0,0.0,-0.013115393929183483,-0.16998174786567688,0.520631730556488,,,,0,,,,,,,
1754967157.2795384,,,,0.0,0.0,0.0,0.0,0.0,0.0,-0.013115393929183483,-0.16998174786567688,0.520631730556488,,,,0,,,,,,,
1754967157.3830454,,,,0.0,0.0,0.0,0.0,0.0,0.0,-0.013115393929183483,-0.16998174786567688,0.520631730556488,,,,0,,,,,,,
1754967157.4866009,,,,0.0,0.0,0.0,0.0,0.0,0.0,-0.013115393929183483,-0.16998174786567688,0.520631730556488,,,,0,,,,,,,
1754967157.5886226,,,,0.0,0.0,0.0,0.0,0.0,0.0,-0.013115393929183483,-0.16998174786567688,0.520631730556488,,,,0,,,,,,,
1754967157.6916218,,,,0.0,0.0,0.0,0.0,0.0,0.0,-0.013115393929183483,-0.16998174786567688,0.520631730556488,,,,0,,,,,,,
1754967157.7946796,,,,0.0,0.0,0.0,0.0,0.0,0.0,-0.013115393929183483,-0.16998174786567688,0.520631730556488,,,,0,,,,,,,
1754967157.8974605,,,,0.0,0.0,0.0,0.0,0.0,0.0,-0.013115393929183483,-0.16998174786567688,0.520631730556488,,,,0,,,,,,,
